Date,Price
03/11/2026,"77,159.25"
03/10/2026,"78,648.80"
03/09/2026,"78,004.00"
03/06/2026,"79,229.05"
03/05/2026,"80,270.55"
03/04/2026,"79,508.85"
03/02/2026,"80,579.40"
02/27/2026,"81,807.65"
02/26/2026,"82,814.90"
02/25/2026,"82,321.75"
02/24/2026,"82,335.90"
02/23/2026,"83,324.20"
02/20/2026,"82,888.85"
02/19/2026,"82,477.95"
02/18/2026,"83,815.60"
02/17/2026,"83,580.05"
02/16/2026,"83,463.40"
02/13/2026,"82,829.40"
02/12/2026,"83,900.05"
02/11/2026,"84,427.95"
02/10/2026,"84,513.60"
02/09/2026,"84,291.40"
02/06/2026,"83,822.45"
02/05/2026,"83,760.55"
02/04/2026,"84,206.10"
02/03/2026,"84,170.90"
02/02/2026,"82,070.35"
02/01/2026,"81,245.05"
01/30/2026,"82,904.25"
01/29/2026,"83,250.75"
01/28/2026,"82,394.80"
01/27/2026,"82,089.40"
01/23/2026,"81,686.80"
01/22/2026,"82,613.30"
01/21/2026,"82,104.65"
01/20/2026,"82,406.30"
01/19/2026,"83,399.45"
01/16/2026,"83,866.45"
01/14/2026,"83,683.50"
01/13/2026,"83,964.45"
01/12/2026,"84,310.40"
01/09/2026,"84,046.45"
01/08/2026,"84,675.30"
01/07/2026,"85,400.60"
01/06/2026,"85,547.75"
01/05/2026,"85,827.30"
01/02/2026,"86,206.70"
01/01/2026,"85,747.35"
12/31/2025,"85,815.55"
12/30/2025,"85,340.10"
12/29/2025,"85,395.90"
12/26/2025,"85,693.05"
12/24/2025,"86,036.15"
12/23/2025,"85,541.95"
12/22/2025,"85,528.15"
12/19/2025,"85,013.85"
12/18/2025,"84,621.60"
12/17/2025,"84,760.65"
12/16/2025,"84,924.45"
12/15/2025,"85,401.95"
12/12/2025,"85,516.35"
12/11/2025,"85,126.05"
12/10/2025,"84,734.35"
12/09/2025,"85,064.50"
12/08/2025,"85,504.35"
12/05/2025,"86,132.05"
12/04/2025,"85,746.40"
12/03/2025,"85,602.95"
12/02/2025,"85,806.25"
12/01/2025,"86,218.85"
11/28/2025,"86,350.50"
11/27/2025,"86,310.30"
11/26/2025,"85,601.95"
11/25/2025,"84,702.30"
11/24/2025,"85,106.25"
11/21/2025,"85,362.40"
11/20/2025,"85,770.45"
11/19/2025,"85,247.95"
11/18/2025,"84,900.55"
11/17/2025,"85,156.25"
11/14/2025,"84,816.35"
11/13/2025,"84,771.05"
11/12/2025,"84,869.95"
11/11/2025,"84,288.70"
11/10/2025,"84,005.65"
11/07/2025,"83,663.30"
11/06/2025,"83,790.10"
11/04/2025,"83,966.30"
11/03/2025,"84,553.35"
10/31/2025,"84,624.60"
10/30/2025,"85,027.45"
10/29/2025,"85,118.50"
10/28/2025,"84,737.30"
10/27/2025,"84,980.50"
10/24/2025,"84,283.75"
10/23/2025,"84,856.00"
10/21/2025,"84,598.65"
10/20/2025,"84,665.75"
10/17/2025,"84,121.55"
10/16/2025,"83,697.35"
10/15/2025,"82,971.70"
10/14/2025,"82,346.45"
10/13/2025,"82,683.65"
10/10/2025,"82,982.20"
10/09/2025,"82,516.60"
10/08/2025,"82,124.85"
10/07/2025,"82,400.85"
10/06/2025,"82,279.65"
10/03/2025,"81,696.00"
10/01/2025,"81,546.35"
09/30/2025,"80,977.00"
09/29/2025,"81,132.45"
09/26/2025,"81,066.90"
09/25/2025,"81,978.30"
09/24/2025,"81,798.95"
09/23/2025,"82,308.75"
09/22/2025,"82,343.90"
09/19/2025,"82,811.95"
09/18/2025,"83,185.60"
09/17/2025,"82,920.20"
09/16/2025,"82,599.35"
09/15/2025,"82,041.00"
09/12/2025,"82,143.45"
09/11/2025,"81,853.80"
09/10/2025,"81,754.50"
09/09/2025,"81,383.70"
09/08/2025,"81,201.20"
09/05/2025,"81,089.45"
09/04/2025,"81,070.90"
09/03/2025,"80,922.25"
09/02/2025,"80,618.35"
09/01/2025,"80,848.55"
08/29/2025,"80,384.65"
08/28/2025,"80,660.30"
08/26/2025,"81,372.70"
08/25/2025,"81,685.05"
08/22/2025,"81,409.25"
08/21/2025,"82,106.75"
08/20/2025,"81,935.90"
08/19/2025,"81,780.90"
08/18/2025,"81,558.10"
08/14/2025,"80,811.45"
08/13/2025,"80,857.25"
08/12/2025,"80,533.60"
08/11/2025,"80,756.45"
08/08/2025,"80,201.10"
08/07/2025,"80,917.75"
08/06/2025,"80,805.10"
08/05/2025,"81,012.75"
08/04/2025,"81,318.60"
08/01/2025,"80,912.80"
07/31/2025,"81,555.05"
07/30/2025,"81,860.30"
07/29/2025,"81,738.35"
07/28/2025,"80,973.90"
07/25/2025,"81,530.70"
07/24/2025,"82,279.80"
07/23/2025,"82,783.90"
07/22/2025,"82,287.20"
07/21/2025,"82,308.30"
07/18/2025,"81,990.40"
07/17/2025,"82,492.05"
07/16/2025,"82,781.60"
07/15/2025,"82,830.30"
07/14/2025,"82,539.15"
07/11/2025,"82,799.75"
07/10/2025,"83,429.90"
07/09/2025,"83,809.45"
07/08/2025,"83,913.00"
07/07/2025,"83,646.00"
07/04/2025,"83,637.95"
07/03/2025,"83,540.35"
07/02/2025,"83,665.30"
07/01/2025,"83,978.35"
06/30/2025,"83,937.10"
06/27/2025,"84,300.00"
06/26/2025,"83,843.20"
06/25/2025,"83,031.05"
06/24/2025,"82,499.30"
06/23/2025,"81,967.25"
06/20/2025,"82,409.65"
06/19/2025,"81,465.70"
06/18/2025,"81,468.50"
06/17/2025,"81,575.95"
06/16/2025,"81,896.35"
06/13/2025,"81,135.30"
06/12/2025,"81,817.55"
06/11/2025,"82,699.75"
06/10/2025,"82,541.20"
06/09/2025,"82,665.15"
06/06/2025,"82,419.00"
06/05/2025,"81,758.95"
06/04/2025,"81,324.75"
06/03/2025,"81,182.80"
06/02/2025,"81,676.70"
05/30/2025,"81,813.75"
05/29/2025,"81,932.50"
05/28/2025,"81,681.15"
05/27/2025,"81,937.90"
05/26/2025,"82,250.10"
05/23/2025,"81,761.55"
05/22/2025,"81,050.45"
05/21/2025,"81,631.15"
05/20/2025,"81,465.00"
05/19/2025,"82,127.75"
05/16/2025,"82,513.40"
05/15/2025,"82,505.15"
05/14/2025,"81,493.45"
05/13/2025,"81,320.20"
05/12/2025,"82,675.20"
05/09/2025,"79,558.85"
05/08/2025,"80,288.45"
05/07/2025,"80,775.15"
05/06/2025,"80,700.55"
05/05/2025,"81,059.60"
05/02/2025,"80,652.05"
04/30/2025,"80,419.75"
04/29/2025,"80,474.00"
04/28/2025,"80,202.10"
04/25/2025,"79,116.10"
04/24/2025,"79,829.25"
04/23/2025,"80,139.70"
04/22/2025,"79,613.15"
04/21/2025,"79,460.85"
04/17/2025,"78,559.90"
04/16/2025,"77,059.20"
04/15/2025,"76,817.10"
04/11/2025,"75,473.20"
04/09/2025,"74,150.10"
04/08/2025,"74,670.90"
04/07/2025,"73,492.30"
04/04/2025,"75,673.40"
04/03/2025,"76,604.70"
04/02/2025,"76,971.40"
04/01/2025,"76,701.65"
03/28/2025,"77,922.50"
03/27/2025,"78,256.60"
03/26/2025,"78,021.50"
03/25/2025,"78,741.25"
03/24/2025,"78,099.15"
03/21/2025,"76,992.75"
03/20/2025,"76,446.10"
03/19/2025,"75,620.25"
03/18/2025,"75,431.80"
03/17/2025,"74,335.70"
03/13/2025,"74,011.60"
03/12/2025,"74,236.70"
03/11/2025,"74,419.40"
03/10/2025,"74,298.05"
03/07/2025,"74,649.35"
03/06/2025,"74,532.95"
03/05/2025,"74,069.60"
03/04/2025,"73,371.60"
03/03/2025,"73,659.60"
02/28/2025,"73,835.30"
02/27/2025,"75,235.90"
02/25/2025,"75,314.85"
02/24/2025,"74,687.00"
02/21/2025,"75,441.65"
02/20/2025,"75,863.15"
02/19/2025,"76,021.60"
02/18/2025,"76,085.50"
02/17/2025,"76,214.30"
02/14/2025,"76,209.35"
02/13/2025,"76,397.95"
02/12/2025,"76,480.40"
02/11/2025,"76,637.90"
02/10/2025,"77,600.15"
02/07/2025,"78,085.30"
02/06/2025,"78,335.50"
02/05/2025,"78,595.30"
02/04/2025,"78,667.95"
02/03/2025,"77,483.75"
02/01/2025,"77,857.30"
01/31/2025,"78,144.65"
01/30/2025,"77,424.55"
01/29/2025,"77,200.00"
01/28/2025,"76,684.55"
01/27/2025,"75,439.45"
01/24/2025,"76,229.25"
01/23/2025,"76,592.20"
01/22/2025,"76,473.20"
01/21/2025,"76,159.00"
01/20/2025,"77,316.90"
01/17/2025,"76,826.10"
01/16/2025,"77,230.00"
01/15/2025,"76,928.85"
01/14/2025,"76,897.15"
01/13/2025,"76,649.50"
01/10/2025,"77,688.00"
01/09/2025,"78,088.05"
01/08/2025,"78,522.85"
01/07/2025,"78,548.15"
01/06/2025,"78,448.85"
01/03/2025,"79,770.25"
01/02/2025,"80,409.50"
01/01/2025,"79,250.75"
12/31/2024,"78,936.65"
12/30/2024,"79,108.30"
12/27/2024,"78,699.07"
12/26/2024,"78,550.35"
12/24/2024,"78,662.30"
12/23/2024,"78,672.95"
12/20/2024,"78,275.15"
12/19/2024,"79,414.20"
12/18/2024,"80,441.80"
12/17/2024,"81,063.05"
12/16/2024,"81,992.75"
12/13/2024,"82,250.55"
12/12/2024,"81,632.90"
12/11/2024,"81,821.70"
12/10/2024,"81,776.90"
12/09/2024,"81,784.75"
12/06/2024,"82,023.60"
12/05/2024,"81,994.40"
12/04/2024,"81,274.35"
12/03/2024,"81,239.15"
12/02/2024,"80,790.70"
11/29/2024,"79,802.79"
11/28/2024,"79,108.80"
11/27/2024,"80,325.35"
11/26/2024,"80,078.05"
11/25/2024,"80,214.70"
11/22/2024,"79,036.70"
11/21/2024,"77,143.15"
11/19/2024,"77,641.85"
11/18/2024,"77,594.60"
11/14/2024,"77,878.50"
11/13/2024,"78,050.15"
11/12/2024,"79,019.30"
11/11/2024,"79,949.35"
11/08/2024,"79,866.75"
11/07/2024,"80,041.20"
11/06/2024,"80,813.50"
11/05/2024,"79,853.40"
11/04/2024,"79,443.05"
11/01/2024,"80,126.15"
10/31/2024,"80,301.65"
10/30/2024,"80,790.35"
10/29/2024,"81,110.45"
10/28/2024,"80,554.65"
10/25/2024,"79,402.29"
10/24/2024,"80,172.25"
10/23/2024,"80,164.15"
10/22/2024,"80,348.00"
10/21/2024,"81,111.25"
10/18/2024,"81,460.15"
10/17/2024,"81,182.75"
10/16/2024,"81,714.50"
10/15/2024,"81,880.00"
10/14/2024,"82,235.35"
10/11/2024,"81,746.60"
10/10/2024,"81,926.40"
10/09/2024,"81,846.10"
10/08/2024,"81,999.95"
10/07/2024,"81,700.00"
10/04/2024,"82,288.85"
10/03/2024,"83,203.35"
10/01/2024,"84,823.10"
09/30/2024,"84,837.45"
09/27/2024,"85,571.85"
09/26/2024,"85,752.60"
09/25/2024,"85,091.55"
09/24/2024,"84,877.20"
09/23/2024,"84,795.25"
09/20/2024,"84,292.30"
09/19/2024,"83,436.90"
09/18/2024,"82,958.55"
09/17/2024,"83,188.25"
09/16/2024,"83,127.70"
09/13/2024,"82,942.15"
09/12/2024,"82,894.45"
09/11/2024,"81,690.85"
09/10/2024,"82,075.15"
09/09/2024,"81,693.30"
09/06/2024,"81,467.35"
09/05/2024,"82,425.75"
09/04/2024,"82,349.55"
09/03/2024,"82,669.75"
09/02/2024,"82,626.65"
08/30/2024,"82,365.77"
08/29/2024,"82,169.80"
08/28/2024,"81,803.10"
08/27/2024,"81,734.00"
08/26/2024,"81,792.70"
08/23/2024,"81,171.40"
08/22/2024,"81,161.50"
08/21/2024,"80,987.80"
08/20/2024,"80,835.45"
08/19/2024,"80,530.40"
08/16/2024,"80,455.60"
08/14/2024,"79,311.60"
08/13/2024,"79,268.85"
08/12/2024,"79,725.85"
08/09/2024,"79,943.90"
08/08/2024,"79,231.15"
08/07/2024,"79,798.25"
08/06/2024,"79,093.60"
08/05/2024,"79,098.95"
08/02/2024,"81,025.65"
08/01/2024,"81,862.55"
07/31/2024,"81,809.70"
07/30/2024,"81,612.35"
07/29/2024,"81,428.20"
07/26/2024,"81,332.72"
07/25/2024,"80,038.15"
07/24/2024,"80,165.90"
07/23/2024,"80,418.95"
07/22/2024,"80,557.45"
07/19/2024,"80,655.65"
07/18/2024,"81,375.80"
07/16/2024,"80,770.75"
07/15/2024,"80,778.50"
07/12/2024,"80,510.20"
07/11/2024,"80,107.60"
07/10/2024,"80,043.50"
07/09/2024,"80,383.65"
07/08/2024,"80,030.90"
07/05/2024,"80,036.00"
07/04/2024,"80,028.30"
07/03/2024,"79,948.80"
07/02/2024,"79,510.10"
07/01/2024,"79,449.90"
06/28/2024,"79,032.73"
06/27/2024,"79,267.35"
06/26/2024,"78,577.25"
06/25/2024,"77,934.60"
06/24/2024,"77,337.90"
06/21/2024,"77,172.45"
06/20/2024,"77,485.35"
06/19/2024,"77,295.55"
06/18/2024,"77,297.10"
06/14/2024,"76,888.85"
06/13/2024,"76,888.85"
06/12/2024,"76,750.00"
06/11/2024,"76,641.70"
06/10/2024,"76,557.10"
06/07/2024,"76,640.75"
06/06/2024,"75,398.05"
06/05/2024,"74,681.60"
06/04/2024,"72,545.35"
06/03/2024,"76,979.70"
05/31/2024,"73,961.31"
05/30/2024,"74,002.50"
05/29/2024,"74,727.55"
05/28/2024,"75,402.80"
05/27/2024,"75,454.60"
05/24/2024,"75,557.00"
05/23/2024,"75,456.20"
05/22/2024,"74,407.45"
05/21/2024,"74,150.00"
05/17/2024,"74,009.45"
05/16/2024,"73,859.05"
05/15/2024,"73,330.00"
05/14/2024,"73,495.00"
05/13/2024,"73,213.00"
05/10/2024,"73,113.70"
05/09/2024,"73,027.75"
05/08/2024,"73,817.00"
05/07/2024,"73,900.00"
05/06/2024,"74,323.90"
05/03/2024,"74,410.00"
05/02/2024,"75,033.50"
04/30/2024,"75,033.50"
04/29/2024,"75,013.75"
04/26/2024,"73,730.16"
04/25/2024,"74,350.55"
04/24/2024,"73,927.25"
04/23/2024,"73,784.45"
04/22/2024,"73,720.15"
04/19/2024,"73,077.15"
04/18/2024,"72,710.85"
04/16/2024,"73,116.25"
04/15/2024,"73,654.65"
04/12/2024,"74,527.70"
04/10/2024,"75,519.95"
04/09/2024,"75,038.95"
04/08/2024,"74,900.00"
04/05/2024,"74,569.55"
04/04/2024,"74,500.00"
04/03/2024,"74,285.00"
04/02/2024,"74,300.00"
04/01/2024,"74,304.75"
03/28/2024,"73,651.35"
03/27/2024,"73,088.25"
03/26/2024,"72,752.05"
03/22/2024,"73,049.05"
03/21/2024,"72,934.95"
03/20/2024,"72,366.30"
03/19/2024,"72,252.20"
03/18/2024,"72,955.10"
03/15/2024,"72,972.80"
03/14/2024,"73,500.00"
03/13/2024,"73,000.00"
03/12/2024,"74,040.00"
03/11/2024,"73,950.00"
03/07/2024,"74,115.00"
03/06/2024,"74,486.45"
03/05/2024,"73,850.00"
03/04/2024,"73,995.00"
03/01/2024,"73,829.90"
02/29/2024,"72,876.70"
02/28/2024,"73,128.75"
02/27/2024,"73,501.90"
02/26/2024,"73,408.50"
02/23/2024,"73,142.80"
02/22/2024,"73,179.30"
02/21/2024,"72,604.40"
02/20/2024,"73,010.85"
02/19/2024,"72,718.50"
02/16/2024,"72,461.80"
02/15/2024,"72,283.95"
02/14/2024,"72,034.00"
02/13/2024,"71,673.35"
02/12/2024,"71,249.25"
02/09/2024,"71,793.90"
02/08/2024,"71,702.30"
02/07/2024,"72,400.00"
02/06/2024,"72,442.00"
02/05/2024,"72,034.25"
02/02/2024,"72,312.05"
02/01/2024,"72,083.35"
01/31/2024,"72,201.95"
01/30/2024,"71,837.70"
01/29/2024,"72,274.95"
01/25/2024,"70,700.67"
01/24/2024,"71,160.25"
01/23/2024,"70,290.30"
01/19/2024,"71,860.15"
01/18/2024,"71,472.80"
01/17/2024,"71,615.20"
01/16/2024,"73,137.55"
01/15/2024,"73,431.35"
01/12/2024,"72,747.05"
01/11/2024,"71,862.15"
01/10/2024,"71,401.00"
01/09/2024,"72,250.00"
01/08/2024,"71,890.00"
01/05/2024,"72,299.05"
01/04/2024,"72,279.85"
01/03/2024,"71,726.70"
01/02/2024,"72,225.05"
01/01/2024,"72,600.00"
12/29/2023,"72,240.26"
12/28/2023,"72,477.00"
12/27/2023,"72,201.90"
12/26/2023,"71,448.80"
12/22/2023,"71,303.75"
12/21/2023,"71,247.90"
12/20/2023,"70,711.35"
12/19/2023,"71,569.40"
12/18/2023,"71,425.00"
12/15/2023,"71,388.95"
12/14/2023,"70,710.10"
12/13/2023,"69,790.80"
12/12/2023,"69,770.05"
12/11/2023,"70,161.70"
12/08/2023,"70,097.35"
12/07/2023,"69,805.10"
12/06/2023,"69,950.60"
12/05/2023,"69,200.00"
12/04/2023,"69,184.20"
12/01/2023,"67,831.50"
11/30/2023,"67,348.65"
11/29/2023,"67,274.10"
11/28/2023,"66,554.65"
11/24/2023,"65,970.04"
11/23/2023,"66,097.65"
11/22/2023,"66,167.75"
11/21/2023,"66,009.00"
11/20/2023,"65,799.75"
11/17/2023,"65,961.95"
11/16/2023,"66,064.45"
11/15/2023,"65,757.75"
11/13/2023,"65,066.10"
11/10/2023,"65,072.95"
11/09/2023,"65,012.30"
11/08/2023,"65,168.15"
11/07/2023,"65,449.00"
11/06/2023,"65,175.30"
11/03/2023,"64,614.25"
11/02/2023,"64,342.10"
11/01/2023,"63,862.35"
10/31/2023,"64,100.00"
10/30/2023,"64,409.75"
10/27/2023,"63,782.80"
10/26/2023,"63,237.95"
10/25/2023,"64,139.20"
10/23/2023,"64,580.35"
10/20/2023,"65,283.35"
10/19/2023,"65,673.55"
10/18/2023,"65,987.65"
10/17/2023,"66,436.35"
10/16/2023,"66,936.00"
10/13/2023,"66,400.00"
10/12/2023,"66,592.85"
10/11/2023,"66,670.05"
10/10/2023,"65,500.10"
10/09/2023,"65,500.10"
10/06/2023,"65,201.00"
10/05/2023,"65,899.10"
10/04/2023,"65,504.05"
10/03/2023,"65,010.00"
09/29/2023,"65,828.41"
09/28/2023,"65,542.55"
09/27/2023,"66,163.20"
09/26/2023,"66,016.65"
09/25/2023,"66,093.75"
09/22/2023,"66,142.00"
09/21/2023,"66,354.75"
09/20/2023,"67,021.10"
09/18/2023,"67,561.75"
09/15/2023,"68,014.50"
09/14/2023,"67,706.55"
09/13/2023,"67,666.90"
09/12/2023,"67,432.80"
09/11/2023,"67,350.90"
09/08/2023,"66,858.10"
09/07/2023,"66,535.70"
09/06/2023,"66,161.30"
09/05/2023,"66,072.85"
09/04/2023,"65,932.25"
09/01/2023,"65,726.60"
08/31/2023,"65,180.05"
08/30/2023,"65,449.35"
08/29/2023,"65,449.95"
08/28/2023,"65,382.40"
08/25/2023,"64,886.51"
08/24/2023,"65,267.80"
08/23/2023,"65,451.95"
08/22/2023,"65,242.70"
08/21/2023,"65,228.60"
08/18/2023,"65,016.00"
08/17/2023,"65,215.50"
08/16/2023,"65,544.40"
08/14/2023,"65,200.00"
08/11/2023,"66,501.00"
08/10/2023,"65,870.65"
08/09/2023,"66,191.40"
08/08/2023,"66,053.85"
08/07/2023,"66,173.40"
08/04/2023,"65,701.00"
08/03/2023,"66,063.15"
08/02/2023,"66,063.15"
08/01/2023,"66,754.90"
07/31/2023,"66,835.95"
07/28/2023,"66,160.20"
07/27/2023,"66,319.75"
07/26/2023,"66,693.35"
07/25/2023,"66,421.20"
07/24/2023,"66,501.60"
07/21/2023,"66,828.90"
07/20/2023,"67,607.45"
07/19/2023,"67,169.55"
07/18/2023,"66,756.30"
07/17/2023,"66,484.85"
07/14/2023,"66,232.15"
07/13/2023,"65,741.00"
07/12/2023,"65,587.70"
07/11/2023,"65,824.45"
07/10/2023,"65,562.05"
07/07/2023,"65,534.50"
07/06/2023,"66,053.80"
07/05/2023,"65,724.95"
07/04/2023,"65,770.30"
07/03/2023,"65,507.20"
06/30/2023,"64,718.56"
06/28/2023,"63,926.30"
06/27/2023,"63,402.90"
06/26/2023,"63,081.05"
06/23/2023,"63,117.60"
06/22/2023,"63,450.05"
06/21/2023,"63,604.00"
06/20/2023,"63,390.90"
06/19/2023,"63,010.00"
06/16/2023,"63,548.90"
06/15/2023,"63,092.40"
06/14/2023,"63,415.90"
06/13/2023,"63,100.00"
06/12/2023,"62,933.85"
06/09/2023,"62,869.35"
06/08/2023,"63,104.85"
06/07/2023,"63,412.10"
06/06/2023,"63,072.15"
06/05/2023,"63,078.40"
06/02/2023,"62,871.80"
06/01/2023,"62,764.25"
05/31/2023,"62,970.65"
05/30/2023,"63,331.15"
05/29/2023,"63,219.40"
05/26/2023,"62,501.69"
05/25/2023,"61,876.50"
05/24/2023,"61,843.25"
05/23/2023,"62,055.05"
05/22/2023,"62,011.25"
05/19/2023,"61,784.45"
05/18/2023,"61,522.65"
05/17/2023,"61,663.15"
05/16/2023,"62,047.10"
05/15/2023,"62,472.65"
05/12/2023,"62,177.20"
05/11/2023,"62,065.00"
05/10/2023,"62,112.25"
05/09/2023,"61,944.35"
05/08/2023,"61,958.75"
05/05/2023,"61,280.55"
05/04/2023,"61,989.55"
05/03/2023,"61,442.75"
05/02/2023,"61,616.20"
04/28/2023,"61,418.35"
04/27/2023,"60,649.38"
04/26/2023,"60,311.75"
04/25/2023,"60,152.95"
04/24/2023,"60,089.45"
04/21/2023,"59,721.30"
04/20/2023,"59,709.60"
04/19/2023,"59,655.95"
04/18/2023,"59,826.50"
04/17/2023,"60,021.65"
04/13/2023,"60,587.65"
04/12/2023,"60,560.55"
04/11/2023,"60,336.00"
04/10/2023,"60,034.95"
04/06/2023,"60,065.80"
04/05/2023,"59,932.60"
04/03/2023,"59,369.35"
03/31/2023,"59,286.80"
03/29/2023,"57,960.09"
03/28/2023,"57,624.40"
03/27/2023,"57,675.20"
03/24/2023,"57,580.35"
03/23/2023,"57,989.60"
03/22/2023,"58,290.05"
03/21/2023,"58,160.65"
03/20/2023,"57,724.90"
03/17/2023,"58,118.70"
03/16/2023,"57,773.55"
03/15/2023,"57,705.10"
03/14/2023,"58,061.05"
03/13/2023,"58,410.45"
03/10/2023,"59,343.30"
03/09/2023,"60,027.90"
03/08/2023,"60,582.95"
03/06/2023,"60,481.15"
03/03/2023,"60,097.20"
03/02/2023,"59,204.20"
03/01/2023,"59,719.50"
02/28/2023,"59,279.20"
02/27/2023,"59,618.20"
02/24/2023,"59,827.95"
02/23/2023,"59,605.80"
02/22/2023,"59,756.05"
02/21/2023,"60,695.15"
02/20/2023,"60,725.25"
02/17/2023,"61,070.30"
02/16/2023,"61,398.95"
02/15/2023,"61,365.80"
02/14/2023,"61,133.90"
02/13/2023,"60,543.70"
02/10/2023,"60,828.75"
02/09/2023,"60,963.85"
02/08/2023,"60,832.30"
02/07/2023,"60,458.05"
02/06/2023,"60,690.35"
02/03/2023,"61,059.00"
02/02/2023,"60,156.80"
02/01/2023,"59,942.50"
01/31/2023,"59,794.30"
01/30/2023,"59,755.25"
01/27/2023,"59,616.85"
01/25/2023,"60,205.06"
01/24/2023,"60,989.60"
01/23/2023,"60,963.35"
01/20/2023,"60,675.75"
01/19/2023,"60,923.45"
01/18/2023,"61,121.90"
01/17/2023,"60,742.20"
01/16/2023,"60,189.40"
01/13/2023,"60,390.10"
01/12/2023,"60,097.00"
01/11/2023,"60,255.55"
01/10/2023,"60,276.25"
01/09/2023,"60,920.65"
01/06/2023,"60,103.40"
01/05/2023,"60,568.65"
01/04/2023,"60,884.75"
01/03/2023,"61,534.80"
01/02/2023,"61,418.85"
12/30/2022,"61,123.10"
12/29/2022,"61,133.88"
12/28/2022,"60,921.10"
12/27/2022,"60,949.10"
12/26/2022,"60,598.75"
12/23/2022,"59,909.25"
12/22/2022,"60,902.10"
12/21/2022,"61,154.30"
12/20/2022,"61,801.30"
12/19/2022,"61,916.35"
12/16/2022,"61,479.95"
12/15/2022,"61,953.30"
12/14/2022,"62,845.55"
12/13/2022,"62,711.70"
12/12/2022,"62,318.90"
12/09/2022,"62,403.55"
12/08/2022,"62,805.15"
12/07/2022,"62,655.70"
12/06/2022,"62,869.50"
12/05/2022,"63,089.20"
12/02/2022,"63,155.15"
12/01/2022,"63,583.45"
11/30/2022,"63,408.70"
11/29/2022,"62,999.50"
11/28/2022,"62,832.10"
11/25/2022,"62,651.55"
11/24/2022,"62,272.68"
11/23/2022,"61,520.90"
11/22/2022,"61,439.65"
11/21/2022,"61,175.75"
11/18/2022,"61,725.85"
11/17/2022,"61,823.45"
11/16/2022,"62,064.35"
11/15/2022,"61,966.85"
11/14/2022,"61,728.05"
11/11/2022,"61,930.50"
11/10/2022,"60,756.85"
11/09/2022,"61,188.00"
11/07/2022,"61,360.65"
11/04/2022,"61,156.10"
11/03/2022,"61,052.05"
11/02/2022,"61,132.30"
11/01/2022,"61,358.65"
10/31/2022,"60,992.75"
10/28/2022,"60,233.25"
10/27/2022,"59,756.84"
10/25/2022,"59,564.05"
10/24/2022,"59,861.90"
10/21/2022,"59,367.15"
10/20/2022,"59,272.75"
10/19/2022,"59,186.90"
10/18/2022,"59,050.05"
10/17/2022,"58,509.50"
10/14/2022,"58,046.95"
10/13/2022,"57,370.50"
10/12/2022,"57,771.70"
10/11/2022,"57,301.60"
10/10/2022,"58,157.45"
10/07/2022,"58,387.75"
10/06/2022,"58,428.45"
10/04/2022,"58,290.90"
10/03/2022,"57,018.95"
09/30/2022,"57,688.75"
09/29/2022,"56,409.96"
09/28/2022,"56,607.05"
09/27/2022,"57,125.25"
09/26/2022,"57,171.75"
09/23/2022,"58,152.90"
09/22/2022,"59,183.85"
09/21/2022,"59,530.45"
09/20/2022,"59,803.00"
09/19/2022,"59,232.85"
09/16/2022,"58,959.30"
09/15/2022,"60,064.05"
09/14/2022,"60,487.25"
09/13/2022,"60,721.30"
09/12/2022,"60,273.50"
09/09/2022,"59,978.55"
09/08/2022,"59,882.60"
09/07/2022,"59,230.25"
09/06/2022,"59,408.10"
09/05/2022,"59,466.50"
09/02/2022,"59,049.60"
09/01/2022,"59,021.85"
08/30/2022,"59,814.20"
08/29/2022,"58,251.50"
08/26/2022,"59,144.35"
08/25/2022,"58,774.72"
08/24/2022,"59,094.60"
08/23/2022,"59,049.60"
08/22/2022,"58,801.15"
08/19/2022,"59,701.60"
08/18/2022,"60,363.40"
08/17/2022,"60,334.80"
08/16/2022,"59,925.65"
08/12/2022,"59,582.55"
08/11/2022,"59,461.30"
08/10/2022,"58,954.00"
08/08/2022,"59,008.10"
08/05/2022,"58,569.00"
08/04/2022,"58,471.80"
08/03/2022,"58,531.95"
08/02/2022,"58,325.30"
08/01/2022,"58,312.60"
07/29/2022,"57,790.00"
07/28/2022,"56,857.79"
07/27/2022,"55,824.20"
07/26/2022,"55,284.10"
07/25/2022,"55,789.80"
07/22/2022,"56,119.75"
07/21/2022,"55,737.00"
07/20/2022,"55,460.10"
07/19/2022,"54,837.20"
07/18/2022,"54,598.15"
07/15/2022,"53,859.45"
07/14/2022,"53,521.75"
07/13/2022,"53,627.50"
07/12/2022,"54,008.40"
07/11/2022,"54,525.90"
07/08/2022,"54,635.80"
07/07/2022,"54,339.25"
07/06/2022,"53,918.05"
07/05/2022,"53,307.05"
07/04/2022,"53,415.35"
07/01/2022,"53,109.90"
06/30/2022,"53,018.94"
06/29/2022,"53,034.45"
06/28/2022,"53,192.45"
06/27/2022,"53,183.75"
06/24/2022,"52,772.65"
06/23/2022,"52,317.40"
06/22/2022,"51,881.05"
06/21/2022,"52,598.85"
06/20/2022,"51,670.70"
06/17/2022,"51,454.70"
06/16/2022,"51,597.60"
06/15/2022,"52,652.70"
06/14/2022,"52,812.70"
06/13/2022,"52,973.65"
06/10/2022,"54,456.90"
06/09/2022,"55,484.45"
06/08/2022,"55,063.15"
06/07/2022,"55,269.05"
06/06/2022,"55,845.85"
06/03/2022,"55,961.40"
06/02/2022,"56,017.55"
06/01/2022,"55,586.20"
05/31/2022,"55,779.20"
05/30/2022,"56,147.05"
05/27/2022,"55,122.90"
05/26/2022,"54,252.53"
05/25/2022,"53,756.10"
05/24/2022,"54,066.40"
05/23/2022,"54,309.35"
05/20/2022,"54,367.90"
05/19/2022,"52,839.35"
05/18/2022,"54,263.80"
05/17/2022,"54,380.80"
05/16/2022,"53,041.35"
05/13/2022,"52,881.10"
05/12/2022,"53,024.80"
05/11/2022,"54,191.85"
05/10/2022,"54,475.75"
05/09/2022,"54,588.80"
05/06/2022,"54,975.50"
05/05/2022,"55,851.45"
05/04/2022,"55,825.30"
05/02/2022,"57,135.45"
04/29/2022,"57,240.55"
04/28/2022,"57,521.06"
04/27/2022,"56,826.00"
04/26/2022,"57,370.00"
04/25/2022,"56,599.65"
04/22/2022,"57,237.15"
04/21/2022,"57,958.90"
04/20/2022,"57,090.65"
04/19/2022,"56,522.35"
04/18/2022,"57,233.30"
04/13/2022,"58,440.95"
04/12/2022,"58,685.60"
04/11/2022,"59,081.40"
04/08/2022,"59,585.80"
04/07/2022,"59,179.45"
04/06/2022,"59,763.35"
04/05/2022,"60,337.85"
04/04/2022,"60,781.40"
04/01/2022,"59,463.35"
03/31/2022,"58,568.51"
03/30/2022,"58,690.80"
03/29/2022,"57,957.15"
03/28/2022,"57,613.60"
03/25/2022,"57,402.30"
03/24/2022,"57,642.65"
03/23/2022,"57,738.55"
03/22/2022,"58,050.10"
03/21/2022,"57,359.20"
03/17/2022,"57,958.35"
03/16/2022,"56,916.00"
03/15/2022,"55,880.85"
03/14/2022,"56,597.90"
03/11/2022,"55,679.85"
03/10/2022,"55,600.15"
03/09/2022,"54,787.50"
03/08/2022,"53,567.35"
03/07/2022,"52,990.65"
03/04/2022,"54,504.90"
03/03/2022,"55,282.60"
03/02/2022,"55,656.55"
02/28/2022,"56,450.70"
02/25/2022,"56,080.10"
02/24/2022,"54,529.91"
02/23/2022,"57,238.70"
02/22/2022,"57,314.05"
02/21/2022,"57,703.75"
02/18/2022,"57,873.40"
02/17/2022,"57,939.20"
02/16/2022,"58,050.70"
02/15/2022,"58,203.00"
02/14/2022,"56,471.55"
02/11/2022,"58,241.05"
02/10/2022,"59,022.15"
02/09/2022,"58,568.20"
02/08/2022,"57,916.40"
02/07/2022,"57,735.35"
02/04/2022,"58,781.55"
02/03/2022,"58,931.95"
02/02/2022,"59,711.10"
02/01/2022,"59,020.40"
01/31/2022,"58,176.55"
01/28/2022,"57,380.35"
01/27/2022,"57,276.94"
01/25/2022,"57,871.65"
01/24/2022,"57,511.60"
01/21/2022,"59,078.45"
01/20/2022,"59,513.10"
01/19/2022,"60,154.80"
01/18/2022,"60,818.55"
01/17/2022,"61,380.30"
01/14/2022,"61,315.80"
01/13/2022,"61,335.20"
01/12/2022,"61,256.95"
01/11/2022,"60,729.90"
01/10/2022,"60,515.25"
01/07/2022,"59,883.95"
01/06/2022,"59,747.75"
01/05/2022,"60,377.65"
01/04/2022,"59,348.85"
01/03/2022,"59,348.85"
12/31/2021,"58,437.25"
12/30/2021,"57,794.32"
12/29/2021,"57,813.20"
12/28/2021,"57,910.95"
12/27/2021,"57,440.30"
12/24/2021,"57,164.25"
12/23/2021,"57,362.00"
12/22/2021,"56,983.60"
12/21/2021,"56,378.05"
12/20/2021,"55,887.00"
12/17/2021,"57,098.10"
12/16/2021,"57,995.60"
12/15/2021,"57,889.05"
12/14/2021,"58,225.45"
12/13/2021,"58,398.90"
12/10/2021,"58,923.75"
12/09/2021,"58,951.10"
12/08/2021,"58,800.15"
12/07/2021,"57,788.20"
12/06/2021,"56,905.95"
12/03/2021,"57,878.15"
12/02/2021,"58,652.20"
12/01/2021,"57,879.90"
11/30/2021,"57,264.55"
11/29/2021,"57,467.65"
11/26/2021,"57,333.70"
11/25/2021,"58,795.09"
11/24/2021,"58,347.75"
11/23/2021,"58,678.00"
11/22/2021,"58,486.30"
11/18/2021,"59,684.65"
11/17/2021,"60,064.20"
11/16/2021,"60,385.60"
11/15/2021,"60,789.45"
11/12/2021,"60,778.65"
11/11/2021,"60,017.45"
11/10/2021,"60,458.35"
11/09/2021,"60,546.15"
11/08/2021,"60,665.55"
11/04/2021,"60,214.65"
11/03/2021,"59,925.25"
11/02/2021,"60,190.05"
11/01/2021,"60,306.80"
10/29/2021,"59,493.70"
10/28/2021,"59,984.70"
10/27/2021,"61,150.40"
10/26/2021,"61,364.55"
10/25/2021,"60,988.35"
10/22/2021,"60,864.15"
10/21/2021,"60,973.15"
10/20/2021,"61,317.00"
10/19/2021,"61,780.75"
10/18/2021,"61,837.55"
10/14/2021,"61,405.95"
10/13/2021,"60,843.25"
10/12/2021,"60,396.70"
10/11/2021,"60,199.10"
10/08/2021,"60,199.10"
10/07/2021,"59,823.90"
10/06/2021,"59,341.55"
10/05/2021,"59,905.10"
10/04/2021,"59,465.30"
10/01/2021,"58,950.65"
09/30/2021,"59,126.36"
09/29/2021,"59,420.15"
09/28/2021,"59,681.50"
09/27/2021,"60,098.85"
09/24/2021,"60,090.45"
09/23/2021,"59,934.20"
09/22/2021,"58,982.20"
09/21/2021,"59,067.15"
09/20/2021,"58,559.05"
09/17/2021,"59,105.30"
09/16/2021,"59,237.65"
09/15/2021,"58,825.90"
09/14/2021,"58,355.70"
09/13/2021,"58,293.00"
09/09/2021,"58,447.80"
09/08/2021,"58,399.70"
09/07/2021,"58,435.75"
09/06/2021,"58,460.10"
09/03/2021,"58,313.00"
09/02/2021,"58,041.45"
09/01/2021,"57,532.15"
08/31/2021,"57,753.75"
08/30/2021,"57,095.50"
08/27/2021,"56,347.35"
08/26/2021,"55,949.10"
08/25/2021,"55,950.70"
08/24/2021,"55,972.00"
08/23/2021,"55,575.20"
08/20/2021,"55,368.00"
08/18/2021,"55,681.30"
08/17/2021,"55,850.75"
08/16/2021,"55,647.30"
08/13/2021,"55,521.30"
08/12/2021,"54,933.45"
08/11/2021,"54,621.25"
08/10/2021,"54,656.40"
08/09/2021,"54,510.60"
08/06/2021,"54,404.30"
08/05/2021,"54,626.25"
08/04/2021,"54,509.25"
08/03/2021,"53,967.70"
08/02/2021,"53,098.85"
07/30/2021,"52,825.00"
07/29/2021,"52,653.07"
07/28/2021,"52,449.80"
07/27/2021,"52,591.00"
07/26/2021,"52,870.70"
07/23/2021,"53,012.85"
07/22/2021,"52,880.30"
07/20/2021,"52,253.25"
07/19/2021,"52,614.60"
07/16/2021,"53,220.55"
07/15/2021,"53,245.55"
07/14/2021,"52,996.55"
07/13/2021,"52,868.15"
07/12/2021,"52,476.45"
07/09/2021,"52,508.35"
07/08/2021,"52,697.65"
07/07/2021,"53,190.85"
07/06/2021,"53,002.95"
07/05/2021,"53,028.00"
07/02/2021,"52,649.95"
07/01/2021,"52,489.45"
06/30/2021,"52,660.25"
06/29/2021,"52,733.55"
06/28/2021,"52,926.30"
06/25/2021,"53,135.00"
06/24/2021,"52,699.00"
06/23/2021,"52,312.15"
06/22/2021,"52,600.95"
06/21/2021,"52,592.80"
06/18/2021,"52,381.05"
06/17/2021,"52,366.00"
06/16/2021,"52,550.90"
06/15/2021,"52,828.40"
06/14/2021,"52,612.75"
06/11/2021,"52,554.25"
06/10/2021,"52,385.80"
06/09/2021,"52,032.45"
06/08/2021,"52,373.05"
06/07/2021,"52,432.15"
06/04/2021,"52,221.55"
06/03/2021,"52,360.30"
06/02/2021,"51,982.50"
06/01/2021,"52,074.15"
05/31/2021,"52,082.80"
05/28/2021,"51,584.80"
05/27/2021,"51,115.22"
05/26/2021,"51,023.45"
05/25/2021,"50,649.35"
05/24/2021,"50,669.60"
05/21/2021,"50,575.80"
05/20/2021,"49,605.25"
05/19/2021,"49,949.10"
05/18/2021,"50,245.95"
05/17/2021,"49,638.50"
05/14/2021,"48,806.40"
05/12/2021,"48,775.95"
05/11/2021,"49,253.50"
05/10/2021,"49,600.45"
05/07/2021,"49,321.20"
05/06/2021,"49,069.60"
05/05/2021,"48,802.40"
05/04/2021,"48,382.90"
05/03/2021,"48,854.90"
04/30/2021,"48,935.95"
04/29/2021,"49,765.94"
04/28/2021,"49,739.60"
04/27/2021,"48,955.55"
04/26/2021,"48,403.40"
04/23/2021,"47,911.95"
04/22/2021,"48,119.85"
04/20/2021,"47,755.80"
04/19/2021,"48,005.25"
04/16/2021,"48,906.00"
04/15/2021,"48,883.30"
04/13/2021,"48,634.60"
04/12/2021,"47,978.25"
04/09/2021,"49,706.95"
04/08/2021,"49,868.00"
04/07/2021,"49,789.15"
04/06/2021,"49,333.35"
04/05/2021,"49,296.90"
04/01/2021,"50,193.20"
03/31/2021,"49,676.65"
03/30/2021,"50,312.00"
03/26/2021,"49,202.90"
03/25/2021,"48,440.12"
03/24/2021,"49,186.00"
03/23/2021,"50,063.10"
03/22/2021,"49,788.65"
03/19/2021,"49,893.10"
03/18/2021,"49,848.00"
03/17/2021,"49,848.00"
03/16/2021,"50,416.75"
03/15/2021,"50,453.75"
03/12/2021,"50,869.05"
03/10/2021,"51,369.15"
03/09/2021,"51,120.65"
03/08/2021,"50,541.00"
03/05/2021,"50,522.85"
03/04/2021,"50,970.55"
03/03/2021,"51,576.60"
03/02/2021,"50,431.75"
03/01/2021,"49,989.35"
02/26/2021,"49,254.60"
02/25/2021,"51,039.31"
02/24/2021,"50,787.60"
02/23/2021,"49,763.00"
02/22/2021,"49,761.70"
02/19/2021,"50,925.35"
02/18/2021,"51,366.55"
02/17/2021,"51,752.00"
02/16/2021,"52,158.80"
02/15/2021,"52,214.85"
02/12/2021,"51,622.40"
02/11/2021,"51,615.60"
02/10/2021,"51,399.10"
02/09/2021,"51,424.80"
02/08/2021,"51,450.50"
02/05/2021,"50,849.90"
02/04/2021,"50,738.20"
02/03/2021,"50,384.65"
02/02/2021,"49,931.25"
02/01/2021,"48,736.65"
01/29/2021,"46,431.50"
01/28/2021,"46,874.36"
01/27/2021,"47,415.45"
01/25/2021,"48,364.45"
01/22/2021,"48,912.70"
01/21/2021,"49,665.20"
01/20/2021,"49,838.50"
01/19/2021,"49,450.10"
01/18/2021,"48,620.85"
01/15/2021,"49,108.95"
01/14/2021,"49,665.05"
01/13/2021,"49,578.85"
01/12/2021,"49,609.45"
01/11/2021,"49,366.90"
01/08/2021,"48,896.25"
01/07/2021,"48,211.05"
01/06/2021,"48,297.65"
01/05/2021,"48,567.65"
01/04/2021,"48,311.65"
01/01/2021,"48,019.70"
12/31/2020,"47,751.33"
12/30/2020,"47,751.75"
12/29/2020,"47,624.20"
12/28/2020,"47,370.30"